epoch,acc,loss,val_acc,val_loss
0,0.22076911677534083,2.2267673154801537,0.37083333333333335,1.7889295641581218
